Filler,doornumber,carbody,drivewheel,wheelbase,carlength,carwidth,carheight,carvolume,carlength_sq,cardwith_sq,curbweight,cylindernumber,enginesize,horsepower,citympg,price
1,-0.5609756097560976,-0.6536585365853659,0.2707317073170732,-0.2961103605205184,-0.07834728795049316,-0.15065040650406303,-0.410406504065044,-0.23057338468888477,-0.15058333026769008,-0.08339633447881147,-0.0029347764385323992,-0.05609756097560973,0.011670501610676488,0.028678861788617914,-0.11720867208672085,0.005419031559214886
1,-0.5609756097560976,-0.6536585365853659,0.2707317073170732,-0.2961103605205184,-0.07834728795049316,-0.15065040650406303,-0.410406504065044,-0.23057338468888477,-0.15058333026769008,-0.08339633447881147,-0.0029347764385323992,-0.05609756097560973,0.011670501610676488,0.028678861788617914,-0.11720867208672085,0.08001810806981516
1,-0.5609756097560976,-0.15365853658536588,0.2707317073170732,-0.12409869871293816,-0.04252639242810543,-0.03398373983739589,-0.11040650406504386,-0.07912927738975742,-0.0365561809464228,-0.04851917389000324,0.10373706219606807,0.2772357723577236,0.09468936953520479,0.2078455284552846,-0.1727642276422764,0.08001810806981516
1,0.4390243902439024,0.09634146341463412,-0.22926829268292684,0.030420251724379486,0.03807062249726779,0.024349593495937683,0.04792682926828936,0.04092302941434711,0.021381224785100884,0.0317547144005031,-0.08478116899089858,-0.05609756097560973,-0.06757478140819144,-0.008821138211382085,-0.03387533875338752,0.01671439921722591
1,0.4390243902439024,0.09634146341463412,0.7707317073170732,0.01875844414420481,0.03807062249726779,0.04101626016260459,0.04792682926828936,0.04579859898245309,0.038047891451767825,0.0317547144005031,0.10412495979110298,0.11056910569105693,0.034312011044638754,0.045345528455284584,-0.20054200542005418,0.10360184274038761
1,-0.5609756097560976,0.09634146341463412,-0.22926829268292684,0.030420251724379486,0.04851838369129789,0.03268292682927054,-0.052073170731710285,0.013907406705757259,0.029708273553325552,0.04234309551896606,-0.018838577834963743,0.11056910569105693,0.034312011044638754,0.024512195121951248,-0.1727642276422764,0.048986878240114544
1,0.4390243902439024,0.09634146341463412,-0.22926829268292684,0.20534736542700333,0.2783691299599543,0.45768292682927125,0.1645934959349565,0.37533828294320976,0.47105442739948017,0.2858848369834644,0.11188291169180119,0.11056910569105693,0.034312011044638754,0.024512195121951248,-0.1727642276422764,0.11005633854496534
1,0.4390243902439024,0.3463414634146341,-0.22926829268292684,0.20534736542700333,0.2783691299599543,0.45768292682927125,0.1645934959349565,0.37533828294320976,0.47105442739948017,0.2858848369834644,0.15455164714564137,0.11056910569105693,0.034312011044638754,0.024512195121951248,-0.1727642276422764,0.14009456902011555
1,0.4390243902439024,0.09634146341463412,-0.22926829268292684,0.20534736542700333,0.2783691299599543,0.45768292682927125,0.1812601626016228,0.3823337184210265,0.47105442739948017,0.2858848369834644,0.20575412969024962,0.11056910569105693,0.015444086516336865,0.14951219512195124,-0.22831978319783197,0.2631023640650488
1,-0.5609756097560976,-0.15365853658536588,0.7707317073170732,0.021673896039248377,0.061951219512193074,0.1660162601626046,-0.14373983739837706,0.026614681922199485,0.1646504555543318,0.05601827631601133,0.19295350905409756,0.11056910569105693,0.015444086516336865,0.23284552845528458,-0.25609756097560976,0.11375940691297094
1,-0.5609756097560976,0.09634146341463412,0.2707317073170732,0.07123657825499188,0.04105569712413371,-0.09231707317072946,0.04792682926828936,0.008583039651722057,-0.09387769929735293,0.03477569198679875,-0.06228310847887375,-0.05609756097560973,-0.07134836631385182,-0.012987804878048752,-0.06165311653116529,0.07828035919935192
1,0.4390243902439024,0.09634146341463412,0.2707317073170732,0.07123657825499188,0.04105569712413371,-0.09231707317072946,0.04792682926828936,0.008583039651722057,-0.09387769929735293,0.03477569198679875,-0.06228310847887375,-0.05609756097560973,-0.07134836631385182,-0.012987804878048752,-0.06165311653116529,0.09056872621191336
1,-0.5609756097560976,0.09634146341463412,0.2707317073170732,0.07123657825499188,0.04105569712413371,-0.09231707317072946,0.04792682926828936,0.008583039651722057,-0.09387769929735293,0.03477569198679875,0.05990463395712315,0.2772357723577236,0.1399723884031293,0.07034552845528458,-0.11720867208672085,0.19098578594082455
1,0.4390243902439024,0.09634146341463412,0.2707317073170732,0.07123657825499188,0.04105569712413371,-0.09231707317072946,0.04792682926828936,0.008583039651722057,-0.09387769929735293,0.03477569198679875,0.08123900168404324,0.2772357723577236,0.1399723884031293,0.07034552845528458,-0.11720867208672085,0.1943371587624322
1,0.4390243902439024,0.09634146341463412,0.2707317073170732,0.13829197184099762,0.2231452493629395,0.08268292682927125,0.1645934959349565,0.2175007670349684,0.07993451789721756,0.22552127677762104,0.19372930424416737,0.2772357723577236,0.1399723884031293,0.07034552845528458,-0.14498644986449863,0.2802316029310435
1,0.4390243902439024,0.09634146341463412,0.2707317073170732,0.13829197184099762,0.2231452493629395,0.08268292682927125,0.1645934959349565,0.2175007670349684,0.07993451789721756,0.22552127677762104,0.26161138337527673,0.2772357723577236,0.3097837091578463,0.32451219512195123,-0.25609756097560976,0.43402237796703974
1,-0.5609756097560976,0.09634146341463412,0.2707317073170732,0.13829197184099762,0.2947870404077158,0.1660162601626046,-0.0020731707317101686,0.2235079282861199,0.1646504555543318,0.3040564360328912,0.3197960226305134,0.2772357723577236,0.3097837091578463,0.32451219512195123,-0.25609756097560976,0.6960500826490317
1,0.4390243902439024,0.09634146341463412,0.2707317073170732,0.3277963450188401,0.3425482344375664,0.41601626016260457,0.21459349593495602,0.42616885826840606,0.4263397466553873,0.3575073942999749,0.36828322200987723,0.2772357723577236,0.3097837091578463,0.32451219512195123,-0.2838753387533875,0.585951279213254
1,-0.5609756097560976,-0.15365853658536588,-0.22926829268292684,-0.3019412643106056,-0.4917801237713889,-0.46731707317072946,-0.043739837398376835,-0.4221939997294848,-0.447667292057534,-0.4503002171274242,-0.41410622717553786,-0.2227642276422764,-0.24870685687988955,-0.2338211382113821,0.6050135501355014,-0.20172063380000263
1,-0.5609756097560976,-0.15365853658536588,-0.22926829268292684,-0.12409869871293816,-0.27088460138332904,-0.1923170731707291,-0.14373983739837706,-0.2621660268953423,-0.19071027848287322,-0.2624251594262393,-0.26437775549206227,-0.05609756097560973,-0.1392728946157386,-0.14215447154471542,0.3550135501355014,-0.17332085225986063
1,0.4390243902439024,0.09634146341463412,-0.22926829268292684,-0.12409869871293816,-0.22760101929377674,-0.1923170731707291,-0.14373983739837706,-0.23778436579767076,-0.19071027848287322,-0.22341787625446924,-0.2508013396658404,-0.05609756097560973,-0.1392728946157386,-0.14215447154471542,0.3550135501355014,-0.1663698567780077
1,-0.5609756097560976,-0.15365853658536588,-0.22926829268292684,-0.14742231387328794,-0.24998907899526926,-0.1756504065040628,-0.24373983739837732,-0.27685186650705745,-0.17469720658744867,-0.24368381460395883,-0.26360196030199246,-0.05609756097560973,-0.1392728946157386,-0.15048780487804875,0.3272357723577236,-0.19126931559335947
1,-0.5609756097560976,-0.15365853658536588,-0.22926829268292684,-0.14742231387328794,-0.24998907899526926,-0.1756504065040628,-0.24373983739837732,-0.27685186650705745,-0.17469720658744867,-0.24368381460395883,-0.26360196030199246,-0.05609756097560973,-0.1392728946157386,-0.15048780487804875,0.16056910569105692,-0.17128520358303226
1,-0.5609756097560976,-0.15365853658536588,-0.22926829268292684,-0.14742231387328794,-0.24998907899526926,-0.1756504065040628,-0.24373983739837732,-0.27685186650705745,-0.17469720658744867,-0.24368381460395883,-0.16585176635319493,-0.05609756097560973,-0.10908421537045558,-0.008821138211382085,-0.03387533875338752,-0.1320617290782907
1,0.4390243902439024,-0.15365853658536588,-0.22926829268292684,-0.14742231387328794,-0.24998907899526926,-0.1756504065040628,-0.2604065040650436,-0.2819543808028121,-0.17469720658744867,-0.24368381460395883,-0.22830327915381557,-0.05609756097560973,-0.1392728946157386,-0.15048780487804875,0.16056910569105692,-0.17495930119486883
1,0.4390243902439024,0.09634146341463412,-0.22926829268292684,-0.14742231387328794,-0.24998907899526926,-0.1756504065040628,-0.2604065040650436,-0.2819543808028121,-0.17469720658744867,-0.24368381460395883,-0.21976953206304753,-0.05609756097560973,-0.1392728946157386,-0.15048780487804875,0.16056910569105692,-0.1634653336659477
1,0.4390243902439024,0.09634146341463412,-0.22926829268292684,-0.14742231387328794,-0.24998907899526926,-0.1756504065040628,-0.2604065040650436,-0.2819543808028121,-0.17469720658744867,-0.24368381460395883,-0.21976953206304753,-0.05609756097560973,-0.1392728946157386,-0.15048780487804875,0.16056910569105692,-0.14070082346287935
1,-0.5609756097560976,0.09634146341463412,-0.22926829268292684,-0.14742231387328794,-0.24998907899526926,-0.1756504065040628,-0.2604065040650436,-0.2819543808028121,-0.17469720658744867,-0.24368381460395883,-0.14141421786599556,-0.05609756097560973,-0.10908421537045558,-0.008821138211382085,-0.03387533875338752,-0.11714191377617064
1,0.4390243902439024,0.3463414634146341,-0.22926829268292684,0.13246106805091007,0.00821987622861107,-0.10898373983739636,0.5062601626016227,0.14178828720299866,-0.11014215379710218,0.0017330016583717723,-0.00797744517398624,-0.05609756097560973,-0.01851817763460653,-0.06715447154471542,-0.03387533875338752,-0.10813044463362559
1,-0.5609756097560976,-0.15365853658536588,-0.22926829268292684,-0.08328237218232577,-0.012675646159448715,0.03268292682927054,-0.29373983739837684,-0.10744400308324459,0.029708273553325552,-0.01907874715768548,0.09908229105564914,-0.05609756097560973,0.1097837091578463,0.17034552845528458,-0.1727642276422764,-0.007763034872441933
1,-0.5609756097560976,-0.15365853658536588,-0.22926829268292684,-0.3544193984213931,-0.4395413178012397,-0.16731707317072933,-0.24373983739837732,-0.3796233156126215,-0.1666718169444117,-0.40756073583970465,-0.3268292682926829,-0.05609756097560973,-0.13172572480441785,-0.1921544715447154,0.660569105691057,-0.1687530552289287
1,-0.5609756097560976,-0.15365853658536588,-0.22926829268292684,-0.3544193984213931,-0.4395413178012397,-0.16731707317072933,-0.24373983739837732,-0.3796233156126215,-0.1666718169444117,-0.40756073583970465,-0.2857121232189824,-0.05609756097560973,-0.13172572480441785,-0.11715447154471542,0.16056910569105692,-0.15941886129615476
1,-0.5609756097560976,-0.15365853658536588,-0.22926829268292684,-0.14742231387328794,-0.3589443028758665,-0.1589837398373959,-0.09373983739837695,-0.2891956137515818,-0.15863385817115883,-0.33956565967414076,-0.27872996650835397,-0.05609756097560973,-0.18078232857800275,-0.18382113821138207,0.3550135501355014,-0.19556403780179002
1,-0.5609756097560976,-0.15365853658536588,-0.22926829268292684,-0.14742231387328794,-0.3589443028758665,-0.1589837398373959,-0.09373983739837695,-0.2891956137515818,-0.15863385817115883,-0.33956565967414076,-0.23877651421975815,-0.05609756097560973,-0.13172572480441785,-0.11715447154471542,0.13279132791327916,-0.16751180603574067
1,-0.5609756097560976,-0.15365853658536588,-0.22926829268292684,-0.14742231387328794,-0.3589443028758665,-0.1589837398373959,-0.09373983739837695,-0.2891956137515818,-0.15863385817115883,-0.33956565967414076,-0.2325701526991996,-0.05609756097560973,-0.13172572480441785,-0.11715447154471542,0.13279132791327916,-0.1526168157174844
1,0.4390243902439024,0.09634146341463412,-0.22926829268292684,-0.06578966081206354,-0.15894430287586636,-0.1589837398373959,0.06459349593495627,-0.12400734814948691,-0.15863385817115883,-0.16006966883794368,-0.2116236825673144,-0.05609756097560973,-0.13172572480441785,-0.11715447154471542,0.13279132791327916,-0.14849586839610016
1,0.4390243902439024,0.3463414634146341,-0.22926829268292684,-0.06578966081206354,-0.2529741536221352,-0.16731707317072933,0.3812601626016227,-0.08507036506334456,-0.1666718169444117,-0.24637140756697898,-0.20619311623682565,-0.05609756097560973,-0.13172572480441785,-0.11715447154471542,0.13279132791327916,-0.14849586839610016
1,-0.5609756097560976,-0.15365853658536588,-0.22926829268292684,-0.06578966081206354,-0.09775027302512018,-0.05898373983739565,-0.035406504065043976,-0.09311971109190559,-0.06119796073526143,-0.10208254261339636,-0.12395882608942456,-0.05609756097560973,-0.06380119650253106,-0.07548780487804875,0.04945799457994582,-0.13360087807784385
1,-0.5609756097560976,-0.15365853658536588,-0.22926829268292684,-0.06578966081206354,-0.09775027302512018,-0.05898373983739565,-0.035406504065043976,-0.09311971109190559,-0.06119796073526143,-0.10208254261339636,-0.10340025355257429,-0.05609756097560973,-0.06380119650253106,-0.07548780487804875,0.04945799457994582,-0.10381089744133126
1,0.4390243902439024,0.09634146341463412,-0.22926829268292684,-0.06578966081206354,0.020160174736073927,-0.05898373983739565,0.031260162601623044,-6.955602999820117e-05,-0.06119796073526143,0.013700654801590698,-0.09758178962705064,-0.05609756097560973,-0.06380119650253106,-0.07548780487804875,0.04945799457994582,-0.11001714340727138
1,0.4390243902439024,0.09634146341463412,-0.22926829268292684,-0.06578966081206354,0.020160174736073927,-0.2839837398373959,0.031260162601623044,-0.06520171158700347,-0.2778834810972523,0.013700654801590698,-0.0712047531646767,-0.05609756097560973,-0.06380119650253106,-0.07548780487804875,0.04945799457994582,-0.07402091680481868
1,0.4390243902439024,0.09634146341463412,-0.22926829268292684,-0.06578966081206354,0.020160174736073927,-0.05898373983739565,0.031260162601623044,-6.955602999820117e-05,-0.06119796073526143,0.013700654801590698,-0.035130276826429996,-0.05609756097560973,-0.06380119650253106,-0.012987804878048752,-0.03387533875338752,-0.008234709565853383
1,-0.5609756097560976,0.09634146341463412,-0.22926829268292684,-0.06578966081206354,-0.0738696760101949,0.007682926829270779,-0.2270731707317104,-0.12591041767988653,0.004764834639298658,-0.07906361662478284,-0.10184866317243466,-0.05609756097560973,-0.06380119650253106,-0.01715447154471542,-0.006097560975609737,-0.07277966761163066
1,0.4390243902439024,0.09634146341463412,0.2707317073170732,-0.1299296025030257,-0.04998907899526961,-0.34231707317072946,-0.018739837398377073,-0.13812603440013763,-0.33256548210278286,-0.05582585355012192,-0.08478116899089858,-0.05609756097560973,-0.06002761159687068,-0.10882113821138209,-0.03387533875338752,-0.161156610166618
1,-0.5609756097560976,0.09634146341463412,-0.22926829268292684,-0.12409869871293816,-0.27088460138332904,-0.1923170731707291,-0.14373983739837706,-0.2621660268953423,-0.19071027848287322,-0.2624251594262393,-0.26437775549206227,-0.05609756097560973,-0.1392728946157386,-0.14215447154471542,0.3550135501355014,-0.1082421570610125
1,0.4390243902439024,0.09634146341463412,-0.22926829268292684,-0.12409869871293816,-0.27088460138332904,-0.1923170731707291,-0.14373983739837706,-0.2621660268953423,-0.19071027848287322,-0.2624251594262393,-0.2508013396658404,-0.05609756097560973,-0.1392728946157386,-0.14215447154471542,0.3550135501355014,-0.1082421570610125
1,-0.5609756097560976,-0.15365853658536588,0.2707317073170732,-0.0803669202872822,-0.021630870040045644,-0.05898373983739565,-0.1937398373983772,-0.10241991986036168,-0.06119796073526143,-0.027946778136810298,0.069214176237961,-0.05609756097560973,-0.029838932351587664,-0.05882113821138209,-0.03387533875338752,-0.05532770395540703
1,0.4390243902439024,0.09634146341463412,0.2707317073170732,0.41525990187015205,0.38135420458682,0.3076829268292703,-0.07707317073171065,0.29180761927272536,0.31155216495604005,0.4015808414969794,0.5858937728244622,0.2772357723577236,0.4946893695352048,0.29951219512195126,-0.2838753387533875,0.47101160392404284
1,0.4390243902439024,0.09634146341463412,0.2707317073170732,0.41525990187015205,0.38135420458682,0.3076829268292703,-0.07707317073171065,0.29180761927272536,0.31155216495604005,0.4015808414969794,0.5858937728244622,0.2772357723577236,0.4946893695352048,0.29951219512195126,-0.2838753387533875,0.5529340506744524
1,-0.5609756097560976,0.09634146341463412,0.2707317073170732,0.09456019341534165,0.26344375682562593,0.39101626016260366,-0.4937398373983773,0.07170669166055603,0.39966176777152507,0.26945495888255994,0.5408976518004125,0.6105691056910569,0.7512931431201104,0.6578455284552845,-0.3394308943089431,0.5641052934131446
1,-0.5609756097560976,-0.15365853658536588,-0.22926829268292684,-0.16491502524355056,-0.2231234073534785,-0.14231707317072897,0.031260162601623044,-0.16811376310986284,-0.14252023323400428,-0.21934160811065245,-0.2581713939715037,-0.05609756097560973,-0.13549930971007823,-0.15048780487804875,0.13279132791327916,-0.20062833450999717
1,-0.5609756097560976,-0.15365853658536588,-0.22926829268292684,-0.16491502524355056,-0.2231234073534785,-0.14231707317072897,0.031260162601623044,-0.16811376310986284,-0.14252023323400428,-0.21934160811065245,-0.2542924180211546,-0.05609756097560973,-0.13549930971007823,-0.15048780487804875,0.16056910569105692,-0.17828584903261274
1,-0.5609756097560976,-0.15365853658536588,-0.22926829268292684,-0.16491502524355056,-0.2231234073534785,-0.14231707317072897,0.031260162601623044,-0.16811376310986284,-0.14252023323400428,-0.21934160811065245,-0.25235293004598003,-0.05609756097560973,-0.13549930971007823,-0.15048780487804875,0.16056910569105692,-0.1609083603279804
1,0.4390243902439024,0.09634146341463412,-0.22926829268292684,-0.16491502524355056,-0.10819803421914986,-0.14231707317072897,0.031260162601623044,-0.1001264541482301,-0.14252023323400428,-0.11208450872784109,-0.2368370262445836,-0.05609756097560973,-0.13549930971007823,-0.15048780487804875,0.16056910569105692,-0.16339085871435644
1,0.4390243902439024,0.09634146341463412,-0.22926829268292684,-0.16491502524355056,-0.10819803421914986,-0.14231707317072897,0.031260162601623044,-0.1001264541482301,-0.14252023323400428,-0.11208450872784109,-0.23489753826940904,-0.05609756097560973,-0.13549930971007823,-0.15048780487804875,0.16056910569105692,-0.14601337000972409
1,-0.5609756097560976,-0.15365853658536588,0.2707317073170732,-0.10077508355258841,-0.07536221332362765,-0.017317073170728985,-0.34373983739837694,-0.17285649405221218,-0.02006548210278235,-0.08050871074182638,-0.06810157240439742,-0.38943089430894307,-0.21474459272894617,-0.012987804878048752,-0.22831978319783197,-0.05788467729337436
1,-0.5609756097560976,-0.15365853658536588,0.2707317073170732,-0.10077508355258841,-0.07536221332362765,-0.017317073170728985,-0.34373983739837694,-0.17285649405221218,-0.02006548210278235,-0.08050871074182638,-0.06810157240439742,-0.38943089430894307,-0.21474459272894617,-0.012987804878048752,-0.22831978319783197,-0.03554219181598992
1,-0.5609756097560976,-0.15365853658536588,0.2707317073170732,-0.10077508355258841,-0.07536221332362765,-0.017317073170728985,-0.34373983739837694,-0.17285649405221218,-0.02006548210278235,-0.08050871074182638,-0.06616208442922286,-0.38943089430894307,-0.21474459272894617,-0.012987804878048752,-0.22831978319783197,0.009142779138778959
1,-0.5609756097560976,-0.15365853658536588,0.2707317073170732,-0.10077508355258841,-0.07536221332362765,-0.017317073170728985,-0.34373983739837694,-0.17285649405221218,-0.02006548210278235,-0.08050871074182638,-0.021553861000208115,-0.38943089430894307,-0.17700874367234237,0.12867886178861793,-0.25609756097560976,0.058792746866299934
1,-0.5609756097560976,-0.15365853658536588,-0.22926829268292684,0.0012657327739421778,0.05598107025846207,0.04934959349593745,-0.0020731707317101686,0.04121724508230243,0.04640007848042484,0.04993186986031769,-0.06616208442922286,-0.05609756097560973,-0.01851817763460653,-0.08382113821138208,0.021680216802168042,-0.11001714340727138
1,0.4390243902439024,0.09634146341463412,-0.22926829268292684,0.0012657327739421778,0.05598107025846207,0.04934959349593745,0.1479268292682896,0.09532141522904296,0.04640007848042484,0.04993186986031769,-0.05646464455335009,-0.05609756097560973,-0.01851817763460653,-0.08382113821138208,0.021680216802168042,-0.11870588775958756
1,-0.5609756097560976,-0.15365853658536588,-0.22926829268292684,0.0012657327739421778,0.05598107025846207,0.04934959349593745,-0.0020731707317101686,0.04121724508230243,0.04640007848042484,0.04993186986031769,-0.06616208442922286,-0.05609756097560973,-0.01851817763460653,-0.08382113821138208,0.021680216802168042,-0.06657342164569054
1,0.4390243902439024,0.09634146341463412,-0.22926829268292684,0.0012657327739421778,0.05598107025846207,0.04934959349593745,0.1479268292682896,0.09532141522904296,0.04640007848042484,0.04993186986031769,-0.05646464455335009,-0.05609756097560973,-0.01851817763460653,-0.08382113821138208,0.021680216802168042,-0.0752621659980067
1,0.4390243902439024,0.09634146341463412,-0.22926829268292684,0.0012657327739421778,0.05598107025846207,0.04934959349593745,0.1479268292682896,0.09532141522904296,0.04640007848042484,0.04993186986031769,-0.04366402391719803,-0.05609756097560973,-0.01851817763460653,-0.1671544715447154,0.2994579945799458,-0.06160842487293843
1,0.4390243902439024,-0.15365853658536588,-0.22926829268292684,0.0012657327739421778,0.05598107025846207,0.04934959349593745,0.1479268292682896,0.09532141522904296,0.04640007848042484,0.04993186986031769,-0.05064618062782643,-0.05609756097560973,-0.01851817763460653,-0.08382113821138208,0.021680216802168042,-0.050437182134246215
1,0.4390243902439024,0.09634146341463412,0.2707317073170732,0.17910829837161002,0.0141900254823425,0.01601626016260364,0.05626016260162281,0.026826800706084335,0.013066745147090969,0.007709989571042259,0.04438873015572672,-0.05609756097560973,0.04940635066728026,0.06617886178861791,-0.1727642276422764,0.12420657934730882
1,0.4390243902439024,0.09634146341463412,0.2707317073170732,0.17910829837161002,0.0141900254823425,0.01601626016260364,0.05626016260162281,0.026826800706084335,0.013066745147090969,0.007709989571042259,0.05602565800677404,-0.05609756097560973,0.026764841233317998,-0.13382113821138208,0.16056910569105692,0.1257953783145895
1,0.4390243902439024,0.09634146341463412,0.2707317073170732,0.3277963450188401,0.25150345831816345,0.36601626016260386,0.23126016260162294,0.35469892443962847,0.37309691105960985,0.25637260433228776,0.3721621979602263,0.11056910569105693,0.2116705016106765,0.07867886178861791,-0.08943089430894308,0.3047338620045751
1,0.4390243902439024,0.3463414634146341,0.2707317073170732,0.3277963450188401,0.25150345831816345,0.36601626016260386,0.4145934959349565,0.4297555037060094,0.37309691105960985,0.25637260433228776,0.46331813279343037,0.11056910569105693,0.2116705016106765,0.07867886178861791,-0.08943089430894308,0.3716620185012734
1,-0.5609756097560976,-0.4036585365853659,0.2707317073170732,0.23158643248239708,0.20075718966144698,0.36601626016260386,0.09792682926828948,0.2667534445191894,0.37309691105960985,0.2013829478039328,0.3644042460595281,0.11056910569105693,0.2116705016106765,0.07867886178861791,-0.08943089430894308,0.3698746196630826
1,0.4390243902439024,0.09634146341463412,0.2707317073170732,0.49106165114128886,0.4261303239898051,0.482682926829271,0.21459349593495602,0.5061924896838721,0.49803406540852957,0.4531528782205778,0.4710760846941286,0.11056910569105693,0.2116705016106765,0.07867886178861791,-0.08943089430894308,0.4548753644125985
1,0.4390243902439024,0.09634146341463412,0.2707317073170732,0.49106165114128886,0.4261303239898051,0.482682926829271,0.23126016260162294,0.5135782196565636,0.49803406540852957,0.4531528782205778,0.45943915684308123,0.44390243902439025,0.4041233317993557,0.21201219512195124,-0.25609756097560976,0.5190231227165556
1,-0.5609756097560976,-0.6536585365853659,0.2707317073170732,-0.06287420891701999,0.09329450309428297,0.3826829268292708,-0.24373983739837732,0.06865675708117737,0.39079424640400445,0.08819630370484077,0.4381047891161612,0.44390243902439025,0.4041233317993557,0.21201219512195124,-0.25609756097560976,0.5406705086457548
1,0.4390243902439024,0.09634146341463412,0.2707317073170732,0.645580601578607,0.5082198762286111,0.482682926829271,0.24792682926828982,0.5778060002705152,0.49803406540852957,0.5496997828725758,0.521502772048667,0.44390243902439025,0.6833686148182236,0.3328455284552846,-0.3116531165311653,0.6872372133773967
1,-0.5609756097560976,-0.4036585365853659,0.2707317073170732,0.38610538291971475,0.3753840553330886,0.5076829268292707,0.13959349593495615,0.44704000942054745,0.5251268255895248,0.3947626985348141,0.4497417169672085,0.44390243902439025,0.6682742751955821,0.3328455284552846,-0.3116531165311653,0.7974601417324932
1,-0.5609756097560976,-0.15365853658536588,0.2707317073170732,0.11496835668064785,0.064936294139059,0.17434959349593745,0.08959349593495602,0.11711903533611173,0.17319117953623175,0.05906660853806288,0.1374841529641053,-0.05609756097560973,0.04940635066728026,0.29534552845528456,-0.1727642276422764,0.08009258302140644
1,-0.5609756097560976,-0.15365853658536588,-0.22926829268292684,-0.14742231387328794,-0.24998907899526926,-0.1256504065040621,-0.24373983739837732,-0.26466341543067734,-0.12635633177598501,-0.24368381460395883,-0.2473102613105262,-0.05609756097560973,-0.13172572480441785,-0.15048780487804875,0.3272357723577236,-0.19581228764042763
1,-0.5609756097560976,-0.15365853658536588,-0.22926829268292684,-0.14742231387328794,-0.24998907899526926,-0.1256504065040621,-0.24373983739837732,-0.26466341543067734,-0.12635633177598501,-0.24368381460395883,-0.23722492383961852,-0.05609756097560973,-0.13172572480441785,-0.15048780487804875,0.16056910569105692,-0.17595230054941924
1,-0.5609756097560976,-0.15365853658536588,-0.22926829268292684,-0.14742231387328794,-0.24998907899526926,-0.1256504065040621,-0.24373983739837732,-0.26466341543067734,-0.12635633177598501,-0.24368381460395883,-0.21395106813752388,-0.05609756097560973,-0.13172572480441785,-0.15048780487804875,0.16056910569105692,-0.16403630829481422
1,-0.5609756097560976,-0.15365853658536588,-0.22926829268292684,-0.16783047713859411,-0.24998907899526926,-0.1756504065040628,-0.24373983739837732,-0.27685186650705745,-0.17469720658744867,-0.24368381460395883,-0.15925750723760146,-0.05609756097560973,-0.10908421537045558,-0.008821138211382085,-0.03387533875338752,-0.1387148247537785
1,-0.5609756097560976,-0.15365853658536588,-0.22926829268292684,-0.07162056460215109,-0.015660720786314218,-0.04231707317072875,-0.3604065040650439,-0.15201628112633989,-0.04478267667291805,-0.022038176813529726,-0.07198054835474652,-0.05609756097560973,-0.06380119650253106,0.04951219512195125,-0.06165311653116529,-0.0823621113830422
1,-0.5609756097560976,-0.15365853658536588,-0.22926829268292684,-0.07162056460215109,-0.015660720786314218,-0.04231707317072875,-0.3604065040650439,-0.15201628112633989,-0.04478267667291805,-0.022038176813529726,-0.08827224734621276,-0.05609756097560973,-0.01851817763460653,-0.06715447154471542,-0.006097560975609737,-0.11860658782413251
1,-0.5609756097560976,-0.15365853658536588,-0.22926829268292684,-0.08328237218232577,-0.012675646159448715,0.03268292682927054,-0.29373983739837684,-0.10744400308324459,0.029708273553325552,-0.01907874715768548,0.10761603814641717,-0.05609756097560973,0.1097837091578463,0.17034552845528458,-0.1727642276422764,-0.016079404466801697
1,-0.5609756097560976,-0.15365853658536588,-0.22926829268292684,-0.08328237218232577,-0.012675646159448715,0.03268292682927054,-0.29373983739837684,-0.10744400308324459,0.029708273553325552,-0.01907874715768548,0.14175102650948931,-0.05609756097560973,0.1097837091578463,0.17034552845528458,-0.1727642276422764,0.0395285593880218
1,-0.5609756097560976,-0.15365853658536588,-0.22926829268292684,-0.08328237218232577,-0.012675646159448715,0.03268292682927054,-0.29373983739837684,-0.10744400308324459,0.029708273553325552,-0.01907874715768548,0.14369051448466388,-0.05609756097560973,0.1097837091578463,0.17034552845528458,-0.1727642276422764,0.03009506551979281
1,0.4390243902439024,0.09634146341463412,-0.22926829268292684,-0.07162056460215109,-0.02461594466691115,-0.04231707317072875,-0.17707317073171028,-0.09388583004189083,-0.04478267667291805,-0.030895949804246158,-0.07392003632992107,-0.05609756097560973,-0.01851817763460653,-0.06715447154471542,-0.006097560975609737,-0.15609231345841085
1,0.4390243902439024,0.09634146341463412,-0.22926829268292684,-0.07162056460215109,-0.02461594466691115,-0.04231707317072875,-0.17707317073171028,-0.09388583004189083,-0.04478267667291805,-0.030895949804246158,-0.05840413252852464,-0.05609756097560973,-0.01851817763460653,-0.06715447154471542,-0.006097560975609737,-0.12630233282189826
1,0.4390243902439024,0.09634146341463412,-0.22926829268292684,-0.07162056460215109,-0.02461594466691115,-0.04231707317072875,-0.17707317073171028,-0.09388583004189083,-0.04478267667291805,-0.030895949804246158,-0.05917992771859446,-0.05609756097560973,-0.06380119650253106,0.04951219512195125,-0.06165311653116529,-0.09924310041039934
1,0.4390243902439024,0.09634146341463412,-0.22926829268292684,-0.07162056460215109,-0.02461594466691115,-0.04231707317072875,-0.17707317073171028,-0.09388583004189083,-0.04478267667291805,-0.030895949804246158,-0.05917992771859446,-0.05609756097560973,-0.06380119650253106,0.04951219512195125,-0.06165311653116529,-0.09924310041039934
1,-0.5609756097560976,0.09634146341463412,-0.22926829268292684,-0.12409869871293816,-0.1305860939206424,-0.1756504065040628,0.06459349593495627,-0.11174027787954968,-0.17469720658744867,-0.13337624591817812,-0.2585592915665386,-0.05609756097560973,-0.11285780027611597,-0.1463211382113821,0.16056910569105692,-0.19308153941541398
1,-0.5609756097560976,0.09634146341463412,-0.22926829268292684,-0.12409869871293816,-0.1305860939206424,-0.1756504065040628,0.06459349593495627,-0.11174027787954968,-0.17469720658744867,-0.13337624591817812,-0.20890839940207004,-0.05609756097560973,-0.0902162908421537,-0.20465447154471542,0.5494579945799458,-0.1533615652333972
1,-0.5609756097560976,0.09634146341463412,-0.22926829268292684,-0.12409869871293816,-0.1305860939206424,-0.1756504065040628,0.06459349593495627,-0.11174027787954968,-0.17469720658744867,-0.13337624591817812,-0.2473102613105262,-0.05609756097560973,-0.11285780027611597,-0.1463211382113821,0.16056910569105692,-0.1645328079720894
1,0.4390243902439024,0.09634146341463412,-0.22926829268292684,-0.12409869871293816,-0.1305860939206424,-0.1756504065040628,0.06459349593495627,-0.11174027787954968,-0.17469720658744867,-0.13337624591817812,-0.23955230940982797,-0.05609756097560973,-0.11285780027611597,-0.1463211382113821,0.16056910569105692,-0.15956781119933733
1,0.4390243902439024,0.3463414634146341,-0.22926829268292684,-0.12409869871293816,-0.05745176556243379,-0.1756504065040628,-0.018739837398377073,-0.09603212436575917,-0.17469720658744867,-0.06311116240105613,-0.20619311623682565,-0.05609756097560973,-0.11285780027611597,-0.1463211382113821,0.16056910569105692,-0.14715531926745706
1,-0.5609756097560976,0.09634146341463412,-0.22926829268292684,-0.12409869871293816,-0.1305860939206424,-0.1756504065040628,0.06459349593495627,-0.11174027787954968,-0.17469720658744867,-0.13337624591817812,-0.23450964067437413,-0.05609756097560973,-0.11285780027611597,-0.1463211382113821,0.16056910569105692,-0.1483965684606451
1,-0.5609756097560976,-0.15365853658536588,-0.22926829268292684,-0.12409869871293816,-0.12610848198034416,-0.1756504065040628,-0.035406504065043976,-0.1413189661222967,-0.17469720658744867,-0.12913328546272373,-0.20464152585668602,-0.05609756097560973,-0.11285780027611597,-0.1463211382113821,0.16056910569105692,-0.13598407652876485
1,0.4390243902439024,0.09634146341463412,-0.22926829268292684,-0.12409869871293816,-0.1305860939206424,-0.1756504065040628,0.06459349593495627,-0.11174027787954968,-0.17469720658744867,-0.13337624591817812,-0.2267516887736759,-0.05609756097560973,-0.11285780027611597,-0.1463211382113821,0.16056910569105692,-0.143431571687893
1,0.4390243902439024,0.3463414634146341,-0.22926829268292684,-0.12409869871293816,-0.05745176556243379,-0.1756504065040628,-0.018739837398377073,-0.09603212436575917,-0.17469720658744867,-0.06311116240105613,-0.20115044750137182,-0.05609756097560973,-0.11285780027611597,-0.1463211382113821,0.16056910569105692,-0.13101907975601276
1,-0.5609756097560976,-0.4036585365853659,-0.22926829268292684,-0.10660598734267594,-0.17386967601019473,-0.1756504065040628,-0.035406504065043976,-0.16898218412242183,-0.17469720658744867,-0.17399488810244587,-0.21239947775738421,-0.05609756097560973,-0.11285780027611597,-0.1463211382113821,0.16056910569105692,-0.12481283379007263
1,0.4390243902439024,-0.15365853658536588,-0.22926829268292684,-0.04538149754675735,-0.009690571532582789,-0.05898373983739565,0.08126016260162316,-0.0007590742705397895,-0.06119796073526143,-0.0161158981723712,-0.08982383772635241,-0.05609756097560973,-0.026065347445927287,-0.029654471544715417,0.04945799457994582,-0.1074353450854403
1,0.4390243902439024,0.09634146341463412,-0.22926829268292684,-0.04538149754675735,-0.009690571532582789,-0.05898373983739565,0.08126016260162316,-0.0007590742705397895,-0.06119796073526143,-0.0161158981723712,-0.09835758481712045,-0.05609756097560973,-0.026065347445927287,-0.029654471544715417,0.04945799457994582,-0.092540354767184
1,0.4390243902439024,0.09634146341463412,-0.22926829268292684,0.047912963094642116,0.11419002548234233,0.04934959349593745,0.11459349593495638,0.11962636630389845,0.04640007848042484,0.10985775589406628,0.2092452080455638,0.2772357723577236,0.20412333179935574,0.19951219512195126,-0.22831978319783197,0.005518331494669928
1,0.4390243902439024,0.3463414634146341,-0.22926829268292684,0.047912963094642116,0.15747360757189466,0.04934959349593745,0.19792682926828972,0.17784701108841283,0.04640007848042484,0.15526089483851913,0.28721262464758085,0.2772357723577236,0.20412333179935574,0.19951219512195126,-0.22831978319783197,0.027860816972054368
1,0.4390243902439024,0.09634146341463412,-0.22926829268292684,0.047912963094642116,0.15747360757189466,0.04934959349593745,0.11459349593495638,0.14663956886528978,0.04640007848042484,0.15526089483851913,0.1956687922193419,0.2772357723577236,0.20412333179935574,0.19951219512195126,-0.1727642276422764,0.005518331494669928
1,-0.5609756097560976,-0.15365853658536588,0.2707317073170732,-0.21739315935433765,-0.04998907899526961,0.1660162601626046,-0.3354065040650435,-0.10847432228314445,0.1646504555543318,-0.05582585355012192,0.19993566576472593,0.2772357723577236,0.20412333179935574,0.23284552845528458,-0.1727642276422764,0.09737077179058373
1,-0.5609756097560976,-0.15365853658536588,0.2707317073170732,-0.21739315935433765,-0.04998907899526961,0.1660162601626046,-0.3354065040650435,-0.10847432228314445,0.1646504555543318,-0.05582585355012192,0.22631270222709987,0.2772357723577236,0.20412333179935574,0.39951219512195124,-0.22831978319783197,0.15943323144998495
1,-0.5609756097560976,-0.15365853658536588,0.2707317073170732,0.012927540354117266,0.06642883145249175,0.1660162601626046,-0.3354065040650435,-0.041558996168932126,0.1646504555543318,0.06059205689763951,0.22631270222709987,0.2772357723577236,0.20412333179935574,0.23284552845528458,-0.1727642276422764,0.12716075242709632
1,0.4390243902439024,0.09634146341463412,0.2707317073170732,0.2665718552229219,0.18881689115398412,0.20768292682927125,0.24792682926828982,0.2678319632893491,0.2074797667659957,0.18858781692909699,0.1801528884179455,-0.05609756097560973,-0.026065347445927287,-0.029654471544715417,-0.1727642276422764,-0.034176817703483096
1,0.4390243902439024,0.09634146341463412,0.2707317073170732,0.2665718552229219,0.18881689115398412,0.20768292682927125,0.24792682926828982,0.2678319632893491,0.2074797667659957,0.18858781692909699,0.2488107627391247,-0.05609756097560973,0.09468936953520479,-0.03798780487804875,0.0772357723577236,-0.001904338680594458
1,0.4390243902439024,0.3463414634146341,0.2707317073170732,0.4502453246106769,0.37090644339279033,0.20768292682927125,0.4145934959349565,0.45728610933363534,0.2074797667659957,0.38965806705304795,0.26161138337527673,-0.05609756097560973,-0.026065347445927287,-0.029654471544715417,-0.1727642276422764,-0.02077132641705243
1,0.4390243902439024,0.3463414634146341,0.2707317073170732,0.4502453246106769,0.37090644339279033,0.20768292682927125,0.4145934959349565,0.45728610933363534,0.2074797667659957,0.38965806705304795,0.3391909023822589,-0.05609756097560973,0.09468936953520479,-0.03798780487804875,-0.006097560975609737,0.014480150669487464
1,0.4390243902439024,0.09634146341463412,0.2707317073170732,0.2665718552229219,0.18881689115398412,0.20768292682927125,0.24792682926828982,0.2678319632893491,0.2074797667659957,0.18858781692909699,0.2014872561448656,-0.05609756097560973,-0.026065347445927287,-0.03798780487804875,-0.1727642276422764,0.057179122915155506
1,0.4390243902439024,0.09634146341463412,0.2707317073170732,0.2665718552229219,0.18881689115398412,0.20768292682927125,0.24792682926828982,0.2678319632893491,0.2074797667659957,0.18858781692909699,0.27014513046604477,-0.05609756097560973,0.09468936953520479,-0.03798780487804875,0.0772357723577236,0.08994810161531935
1,0.4390243902439024,0.3463414634146341,0.2707317073170732,0.4502453246106769,0.37090644339279033,0.20768292682927125,0.24792682926828982,0.38811484504190025,0.2074797667659957,0.38965806705304795,0.28294575110219683,-0.05609756097560973,-0.026065347445927287,-0.03798780487804875,-0.1727642276422764,0.08485897992324845
1,0.4390243902439024,0.3463414634146341,0.2707317073170732,0.4502453246106769,0.37090644339279033,0.20768292682927125,0.4145934959349565,0.45728610933363534,0.2074797667659957,0.38965806705304795,0.360525270109179,-0.05609756097560973,0.09468936953520479,-0.03798780487804875,-0.006097560975609737,0.09429247379147744
1,0.4390243902439024,0.09634146341463412,0.2707317073170732,0.2665718552229219,0.18881689115398412,0.20768292682927125,0.24792682926828982,0.2678319632893491,0.2074797667659957,0.18858781692909699,0.2014872561448656,-0.05609756097560973,-0.026065347445927287,-0.029654471544715417,-0.1727642276422764,0.08324535597210402
1,0.4390243902439024,0.09634146341463412,0.2707317073170732,0.2665718552229219,0.18881689115398412,0.20768292682927125,0.24792682926828982,0.2678319632893491,0.2074797667659957,0.18858781692909699,0.27014513046604477,-0.05609756097560973,0.09468936953520479,-0.03798780487804875,0.0772357723577236,0.11601433467226786
1,0.4390243902439024,0.09634146341463412,0.2707317073170732,0.2694873071179655,0.18881689115398412,0.1993495934959372,0.18959349593495625,0.24244910356547583,0.19888876626322988,0.18858781692909699,0.22282162387178567,-0.05609756097560973,0.026764841233317998,0.15784552845528457,-0.20054200542005418,0.12097933144501996
1,-0.5609756097560976,-0.15365853658536588,-0.22926829268292684,-0.14742231387328794,-0.24998907899526926,-0.1756504065040628,-0.24373983739837732,-0.27685186650705745,-0.17469720658744867,-0.24368381460395883,-0.2473102613105262,-0.05609756097560973,-0.1392728946157386,-0.15048780487804875,0.3272357723577236,-0.19126931559335947
1,-0.5609756097560976,-0.15365853658536588,-0.22926829268292684,-0.14742231387328794,-0.24998907899526926,-0.1756504065040628,-0.24373983739837732,-0.27685186650705745,-0.17469720658744867,-0.24368381460395883,-0.16585176635319493,-0.05609756097560973,-0.10908421537045558,-0.008821138211382085,-0.03387533875338752,-0.1320617290782907
1,0.4390243902439024,-0.15365853658536588,-0.22926829268292684,-0.14742231387328794,-0.24998907899526926,-0.1756504065040628,-0.2604065040650436,-0.2819543808028121,-0.17469720658744867,-0.24368381460395883,-0.22830327915381557,-0.05609756097560973,-0.1392728946157386,-0.15048780487804875,0.16056910569105692,-0.17495930119486883
1,0.4390243902439024,0.09634146341463412,-0.22926829268292684,-0.14742231387328794,-0.10073534765198569,-0.1756504065040628,-0.24373983739837732,-0.194459073683044,-0.17469720658744867,-0.10494452137936017,-0.21976953206304753,-0.05609756097560973,-0.1392728946157386,-0.15048780487804875,0.16056910569105692,-0.1634653336659477
1,0.4390243902439024,0.09634146341463412,-0.22926829268292684,-0.14742231387328794,-0.10073534765198569,-0.1756504065040628,-0.24373983739837732,-0.194459073683044,-0.17469720658744867,-0.10494452137936017,-0.14141421786599556,-0.05609756097560973,-0.10908421537045558,-0.15048780487804875,0.16056910569105692,-0.14070082346287935
1,0.4390243902439024,0.3463414634146341,-0.22926829268292684,0.13246106805091007,0.00821987622861107,-0.10898373983739636,0.5062601626016227,0.14178828720299866,-0.11014215379710218,0.0017330016583717723,-0.00797744517398624,-0.05609756097560973,-0.01851817763460653,-0.06715447154471542,-0.03387533875338752,-0.10813044463362559
1,-0.5609756097560976,-0.15365853658536588,0.2707317073170732,-0.08328237218232577,-0.012675646159448715,0.03268292682927054,-0.29373983739837684,-0.10744400308324459,0.029708273553325552,-0.01907874715768548,0.10179757422089351,-0.05609756097560973,0.1097837091578463,0.17034552845528458,-0.1727642276422764,-0.012728031645194031
1,-0.5609756097560976,-0.15365853658536588,0.2707317073170732,-0.12409869871293816,-0.0768547506370604,0.1993495934959372,-0.29373983739837684,-0.10071731071568205,0.19888876626322988,-0.08195295002650253,0.08628167041949708,-0.05609756097560973,0.09091578462954442,0.16201219512195125,-0.1727642276422764,0.21700236903004552
1,-0.5609756097560976,-0.4036585365853659,0.2707317073170732,-0.26987129346512473,-0.0768547506370604,-0.07565040650406256,-0.17707317073171028,-0.1327742805333174,-0.07756296827673954,-0.08195295002650253,0.07774792332872904,0.2772357723577236,0.25317993557294066,0.4286788617886179,-0.22831978319783197,0.47791294943816826
1,-0.5609756097560976,-0.4036585365853659,0.2707317073170732,-0.26987129346512473,-0.0768547506370604,-0.07565040650406256,-0.17707317073171028,-0.1327742805333174,-0.07756296827673954,-0.08195295002650253,0.07774792332872904,0.2772357723577236,0.25317993557294066,0.4286788617886179,-0.22831978319783197,0.515150425233809
1,-0.5609756097560976,-0.6536585365853659,0.2707317073170732,-0.26987129346512473,-0.0768547506370604,-0.07565040650406256,-0.17707317073171028,-0.1327742805333174,-0.07756296827673954,-0.08195295002650253,0.09481541751026512,0.2772357723577236,0.25317993557294066,0.4286788617886179,-0.22831978319783197,0.5896253768250904
1,-0.5609756097560976,-0.15365853658536588,0.2707317073170732,-0.010396074806232497,0.02463778667637218,0.5326829268292705,-0.2687398373983771,0.057930407937263624,0.5523327079424659,0.018202629464358935,0.3143654563000246,0.44390243902439025,0.28714219972388405,0.7661788617886178,-0.22831978319783197,0.44992278013177833
1,0.4390243902439024,0.3463414634146341,-0.22926829268292684,-0.07745146839223864,0.11120495085547683,0.04934959349593745,0.12292682926828984,0.12083172417524693,0.04640007848042484,0.10675300473576844,0.009090049007549835,-0.05609756097560973,0.01921767142199724,-0.05882113821138209,-0.06165311653116529,-0.09884590066857916
1,-0.5609756097560976,-0.15365853658536588,-0.22926829268292684,-0.07745146839223864,0.04105569712413371,0.05768292682927031,-0.2687398373983771,-0.06123544114800572,0.05476483463929833,0.03477569198679875,-0.03706976480160455,-0.05609756097560973,0.01921767142199724,-0.05882113821138209,-0.06165311653116529,-0.08395091035032287
1,-0.5609756097560976,-0.15365853658536588,-0.22926829268292684,0.010012088459073287,0.18732435384055138,0.04934959349593745,0.19792682926828972,0.19681491475815513,0.04640007848042484,0.18699227231539597,0.03973395901530779,-0.05609756097560973,-0.022291762540266907,0.024512195121951248,-0.11720867208672085,-0.03541806689667112
1,0.4390243902439024,0.09634146341463412,-0.22926829268292684,0.010012088459073287,0.18732435384055138,0.04934959349593745,0.19792682926828972,0.19681491475815513,0.04640007848042484,0.18699227231539597,0.05408617003159948,-0.05609756097560973,-0.022291762540266907,0.024512195121951248,-0.11720867208672085,-0.02747407206026776
1,-0.5609756097560976,-0.15365853658536588,-0.22926829268292684,0.010012088459073287,0.18732435384055138,0.04934959349593745,0.19792682926828972,0.19681491475815513,0.04640007848042484,0.18699227231539597,0.05874094117201842,-0.05609756097560973,-0.022291762540266907,0.024512195121951248,-0.11720867208672085,0.04377363162872484
1,0.4390243902439024,0.09634146341463412,-0.22926829268292684,0.010012088459073287,0.18732435384055138,0.04934959349593745,0.19792682926828972,0.19681491475815513,0.04640007848042484,0.18699227231539597,0.07852371851879887,-0.05609756097560973,-0.022291762540266907,0.024512195121951248,-0.11720867208672085,0.05544137404469227
1,-0.5609756097560976,-0.15365853658536588,-0.22926829268292684,0.010012088459073287,0.18732435384055138,0.04934959349593745,0.19792682926828972,0.19681491475815513,0.04640007848042484,0.18699227231539597,0.0979185982705444,-0.05609756097560973,-0.022291762540266907,0.23284552845528458,-0.1727642276422764,0.12097933144501996
1,0.4390243902439024,0.09634146341463412,-0.22926829268292684,0.010012088459073287,0.18732435384055138,0.04934959349593745,0.19792682926828972,0.19681491475815513,0.04640007848042484,0.18699227231539597,0.11304660447690593,-0.05609756097560973,-0.022291762540266907,0.23284552845528458,-0.1727642276422764,0.1326470738609874
1,-0.5609756097560976,-0.15365853658536588,-0.22926829268292684,-0.14742231387328794,-0.2559592282490007,-0.20898373983739602,-0.0020731707317101686,-0.21491691860455156,-0.20667307385743336,-0.2490555812005294,-0.19610777876591798,-0.05609756097560973,-0.11285780027611597,-0.1463211382113821,0.16056910569105692,-0.20253985826750673
1,-0.5609756097560976,-0.15365853658536588,-0.22926829268292684,-0.14742231387328794,-0.24103385511467235,-0.1923170731707291,-0.0020731707317101686,-0.20195076136082085,-0.19071027848287322,-0.23560051973808205,-0.16895494711347422,-0.05609756097560973,-0.07134836631385182,-0.1296544715447154,0.021680216802168042,-0.15450351449113017
1,-0.5609756097560976,-0.15365853658536588,0.7707317073170732,-0.159084121453463,-0.24998907899526926,-0.1756504065040628,0.1645934959349565,-0.15184026626106362,-0.17469720658744867,-0.24368381460395883,-0.12240723570928493,-0.05609756097560973,-0.07134836631385182,-0.1296544715447154,0.021680216802168042,-0.14084977336606191
1,0.4390243902439024,0.09634146341463412,-0.22926829268292684,-0.04538149754675735,-0.030586093920642574,-0.04231707317072875,-0.1020731707317104,-0.0715806552406966,-0.04478267667291805,-0.036784035150709805,-0.15925750723760146,-0.05609756097560973,-0.07134836631385182,-0.09215447154471541,0.1883468834688347,-0.15269129066907566
1,0.4390243902439024,0.09634146341463412,-0.22926829268292684,-0.04538149754675735,-0.030586093920642574,-0.04231707317072875,-0.1020731707317104,-0.0715806552406966,-0.04478267667291805,-0.036784035150709805,-0.14180211546103047,-0.05609756097560973,-0.07134836631385182,-0.09215447154471541,0.0772357723577236,-0.1365798761414951
1,0.4390243902439024,0.09634146341463412,-0.22926829268292684,-0.04538149754675735,-0.030586093920642574,-0.04231707317072875,-0.1020731707317104,-0.0715806552406966,-0.04478267667291805,-0.036784035150709805,-0.08361747620579384,-0.05609756097560973,-0.07134836631385182,-0.04215447154471542,0.021680216802168042,-0.08233728639917844
1,0.4390243902439024,0.09634146341463412,0.7707317073170732,-0.0512124013368449,-0.030586093920642574,-0.04231707317072875,0.04792682926828936,-0.020107174930247537,-0.04478267667291805,-0.036784035150709805,-0.06616208442922286,-0.05609756097560973,-0.07134836631385182,-0.09215447154471541,-0.03387533875338752,-0.10038504966813232
1,0.4390243902439024,0.09634146341463412,0.7707317073170732,-0.0512124013368449,-0.030586093920642574,-0.04231707317072875,0.04792682926828936,-0.020107174930247537,-0.04478267667291805,-0.036784035150709805,-0.01767488504985901,-0.05609756097560973,-0.07134836631385182,0.028678861788617914,-0.03387533875338752,-0.05008963236015357
1,0.4390243902439024,0.3463414634146341,-0.22926829268292684,-0.0512124013368449,-0.008198034219150038,-0.04231707317072875,-0.06040650406504374,-0.04406495436414835,-0.04478267667291805,-0.014633191431163208,-0.10301235595753938,-0.05609756097560973,-0.07134836631385182,-0.09215447154471541,0.0772357723577236,-0.14432527110698837
1,0.4390243902439024,0.3463414634146341,-0.22926829268292684,-0.0512124013368449,-0.008198034219150038,-0.04231707317072875,-0.06040650406504374,-0.04406495436414835,-0.04478267667291805,-0.014633191431163208,-0.0390092527767791,-0.05609756097560973,-0.07134836631385182,-0.04215447154471542,-0.006097560975609737,-0.07642894023960345
1,0.4390243902439024,0.3463414634146341,0.7707317073170732,-0.054127853231888456,-0.006705496905717287,-0.04231707317072875,0.09792682926828948,0.011654755555889748,-0.04478267667291805,-0.013149629857587823,-0.05258566860300098,-0.05609756097560973,-0.07134836631385182,-0.09215447154471541,-0.06165311653116529,-0.1306715299819201
1,0.4390243902439024,0.3463414634146341,0.7707317073170732,-0.054127853231888456,-0.006705496905717287,-0.04231707317072875,0.09792682926828948,0.011654755555889748,-0.04478267667291805,-0.013149629857587823,0.0366307782550285,-0.05609756097560973,-0.07134836631385182,0.028678861788617914,-0.06165311653116529,-0.03929076437941775
1,-0.5609756097560976,-0.15365853658536588,-0.22926829268292684,-0.08911327597241331,-0.2290935566072099,-0.1923170731707291,0.06459349593495627,-0.17447773845819284,-0.19071027848287322,-0.22477492263767382,-0.22132112244318716,-0.05609756097560973,-0.13172572480441785,-0.17548780487804874,0.27168021680216803,-0.19683011197884182
1,-0.5609756097560976,-0.15365853658536588,-0.22926829268292684,-0.08911327597241331,-0.2290935566072099,-0.1923170731707291,0.06459349593495627,-0.17447773845819284,-0.19071027848287322,-0.22477492263767382,-0.1999867547162671,-0.05609756097560973,-0.13172572480441785,-0.17548780487804874,0.16056910569105692,-0.17225337795371892
1,0.4390243902439024,-0.15365853658536588,-0.22926829268292684,-0.08911327597241331,-0.2290935566072099,-0.1923170731707291,0.06459349593495627,-0.17447773845819284,-0.19071027848287322,-0.22477492263767382,-0.20968419459213986,-0.05609756097560973,-0.13172572480441785,-0.17548780487804874,0.16056910569105692,-0.16852963037415486
1,0.4390243902439024,0.3463414634146341,-0.22926829268292684,-0.08911327597241331,-0.06491445212959797,-0.1923170731707291,0.4479268292682897,0.048662965216332885,-0.19071027848287322,-0.07037510044280618,-0.10689133190788849,-0.05609756097560973,-0.13172572480441785,-0.17548780487804874,0.16056910569105692,-0.15785488731273783
1,0.4390243902439024,0.3463414634146341,0.7707317073170732,-0.08911327597241331,-0.06491445212959797,-0.1923170731707291,0.4479268292682897,0.048662965216332885,-0.19071027848287322,-0.07037510044280618,-0.10301235595753938,-0.05609756097560973,-0.13172572480441785,-0.17548780487804874,0.04945799457994582,-0.13352640312625258
1,0.4390243902439024,0.3463414634146341,0.7707317073170732,-0.08911327597241331,-0.06491445212959797,-0.1923170731707291,0.4479268292682897,0.048662965216332885,-0.19071027848287322,-0.07037510044280618,0.21506367197108747,-0.05609756097560973,-0.13172572480441785,-0.17548780487804874,0.04945799457994582,-0.11168041732614334
1,0.4390243902439024,0.09634146341463412,-0.22926829268292684,-0.08911327597241331,-0.11566072078631405,-0.1256504065040621,-0.06040650406504374,-0.12991545623314904,-0.12635633177598501,-0.11920312526713786,-0.18408295331983573,-0.05609756097560973,-0.10908421537045558,-0.14215447154471542,0.13279132791327916,-0.15735838763546264
1,0.4390243902439024,-0.15365853658536588,-0.22926829268292684,-0.08911327597241331,-0.11566072078631405,-0.1256504065040621,-0.07707317073171065,-0.13536064506860432,-0.12635633177598501,-0.11920312526713786,-0.17322182065885824,-0.05609756097560973,-0.10908421537045558,-0.14215447154471542,0.13279132791327916,-0.1509038918308849
1,0.4390243902439024,0.09634146341463412,-0.22926829268292684,-0.08911327597241331,-0.11566072078631405,-0.1256504065040621,-0.06040650406504374,-0.12991545623314904,-0.12635633177598501,-0.11920312526713786,-0.10883081988306305,-0.05609756097560973,-0.06380119650253106,-0.20048780487804876,0.24390243902439027,-0.13352640312625258
1,0.4390243902439024,-0.15365853658536588,-0.22926829268292684,-0.08911327597241331,-0.11566072078631405,-0.1256504065040621,-0.07707317073171065,-0.13536064506860432,-0.12635633177598501,-0.11920312526713786,-0.10883081988306305,-0.05609756097560973,-0.06380119650253106,-0.20048780487804876,0.3550135501355014,-0.13625715135126623
1,0.4390243902439024,0.09634146341463412,-0.22926829268292684,-0.08911327597241331,-0.11566072078631405,-0.1256504065040621,-0.06040650406504374,-0.12991545623314904,-0.12635633177598501,-0.11920312526713786,-0.1790402845843819,-0.05609756097560973,-0.10908421537045558,-0.14215447154471542,0.3550135501355014,-0.13749840054445425
1,0.4390243902439024,-0.15365853658536588,-0.22926829268292684,-0.08911327597241331,-0.11566072078631405,-0.1256504065040621,-0.07707317073171065,-0.13536064506860432,-0.12635633177598501,-0.11920312526713786,-0.16817915192340438,-0.05609756097560973,-0.10908421537045558,-0.14215447154471542,0.0772357723577236,-0.12210691054892274
1,0.4390243902439024,0.09634146341463412,-0.22926829268292684,-0.08911327597241331,-0.11566072078631405,-0.1256504065040621,-0.07707317073171065,-0.13536064506860432,-0.12635633177598501,-0.11920312526713786,-0.161196995212776,-0.05609756097560973,-0.10908421537045558,-0.14215447154471542,0.0772357723577236,-0.0997644250715383
1,-0.5609756097560976,0.09634146341463412,0.2707317073170732,-0.12409869871293816,-0.07983982526392633,-0.1589837398373959,-0.09373983739837695,-0.12916165156155696,-0.15863385817115883,-0.0848388640987533,-0.14994796495676357,-0.05609756097560973,-0.10908421537045558,-0.14215447154471542,0.10501355013550137,-0.12955440570805088
1,-0.5609756097560976,-0.15365853658536588,0.2707317073170732,-0.12409869871293816,-0.07983982526392633,-0.1589837398373959,-0.09373983739837695,-0.12916165156155696,-0.15863385817115883,-0.0848388640987533,-0.1363715491305417,-0.05609756097560973,-0.10908421537045558,-0.14215447154471542,0.10501355013550137,-0.12508590861257401
1,-0.5609756097560976,0.09634146341463412,0.2707317073170732,-0.12409869871293816,-0.07983982526392633,-0.1589837398373959,-0.09373983739837695,-0.12916165156155696,-0.15863385817115883,-0.0848388640987533,-0.11270979583341215,-0.05609756097560973,-0.10908421537045558,0.03284552845528458,0.021680216802168042,-0.09877142571698788
1,-0.5609756097560976,-0.15365853658536588,0.2707317073170732,-0.12409869871293816,-0.07983982526392633,-0.1589837398373959,-0.09373983739837695,-0.12916165156155696,-0.15863385817115883,-0.0848388640987533,-0.09913338000719027,-0.05609756097560973,-0.10908421537045558,0.03284552845528458,0.021680216802168042,-0.09281342958968537
1,-0.5609756097560976,-0.4036585365853659,0.2707317073170732,-0.010396074806232497,0.03210047324353636,-0.025650406504063028,-0.14373983739837706,-0.044909616242549306,-0.028317116089711096,0.025723017216320806,-0.006037957198811686,-0.05609756097560973,0.07204786010124252,0.04951219512195125,-0.03387533875338752,-0.11984783701732053
1,-0.5609756097560976,-0.4036585365853659,0.2707317073170732,-0.010396074806232497,0.03210047324353636,-0.025650406504063028,-0.14373983739837706,-0.044909616242549306,-0.028317116089711096,0.025723017216320806,-0.007589547578951329,-0.05609756097560973,0.07204786010124252,0.04951219512195125,-0.03387533875338752,-0.09030610621944556
1,-0.5609756097560976,-0.15365853658536588,0.2707317073170732,-0.010396074806232497,0.03210047324353636,-0.025650406504063028,-0.14373983739837706,-0.044909616242549306,-0.028317116089711096,0.025723017216320806,-0.001771083653427667,-0.05609756097560973,0.07204786010124252,0.04951219512195125,-0.03387533875338752,-0.08161736186712938
1,-0.5609756097560976,-0.4036585365853659,0.2707317073170732,-0.010396074806232497,0.03210047324353636,-0.025650406504063028,-0.14373983739837706,-0.044909616242549306,-0.028317116089711096,0.025723017216320806,0.047879808511040914,-0.05609756097560973,0.07204786010124252,0.04951219512195125,-0.03387533875338752,-0.05157913139197919
1,-0.5609756097560976,-0.15365853658536588,0.2707317073170732,-0.010396074806232497,0.03210047324353636,-0.025650406504063028,-0.14373983739837706,-0.044909616242549306,-0.028317116089711096,0.025723017216320806,0.06145622433726279,-0.05609756097560973,0.07204786010124252,0.04951219512195125,-0.03387533875338752,-0.042890387039663025
1,-0.5609756097560976,-0.6536585365853659,0.2707317073170732,-0.010396074806232497,0.03210047324353636,-0.025650406504063028,-0.06040650406504374,-0.015525368523582949,-0.028317116089711096,0.025723017216320806,0.1626974966413745,-0.05609756097560973,0.07204786010124252,0.04951219512195125,-0.03387533875338752,0.10903851420655117
1,0.4390243902439024,0.09634146341463412,-0.22926829268292684,0.10622200099551674,0.023145249362939428,0.04934959349593745,0.09792682926828948,0.0568683014258382,0.04640007848042484,0.0167011164110688,-0.0890480425362826,-0.05609756097560973,-0.01851817763460653,-0.05048780487804875,0.10501355013550137,-0.10746017006930406
1,0.4390243902439024,0.09634146341463412,-0.22926829268292684,0.10622200099551674,0.023145249362939428,0.04934959349593745,0.09792682926828948,0.0568683014258382,0.04640007848042484,0.0167011164110688,-0.029311812900906332,-0.05609756097560973,-0.06380119650253106,-0.1296544715447154,0.13279132791327916,-0.0640164483077232
1,0.4390243902439024,-0.15365853658536588,-0.22926829268292684,0.10622200099551674,0.023145249362939428,0.04934959349593745,0.014593495934956143,0.027182348801892315,0.04640007848042484,0.0167011164110688,-0.05491305417321044,-0.05609756097560973,-0.01851817763460653,-0.05048780487804875,0.04945799457994582,-0.08164218685099314
1,0.4390243902439024,0.09634146341463412,-0.22926829268292684,0.10622200099551674,0.023145249362939428,0.04934959349593745,0.09792682926828948,0.0568683014258382,0.04640007848042484,0.0167011164110688,-0.05491305417321044,-0.05609756097560973,-0.01851817763460653,-0.05048780487804875,0.04945799457994582,-0.0590514515349711
1,0.4390243902439024,-0.15365853658536588,-0.22926829268292684,0.10622200099551674,0.023145249362939428,0.04934959349593745,0.014593495934956143,0.027182348801892315,0.04640007848042484,0.0167011164110688,-0.03784555999167437,-0.05609756097560973,-0.01851817763460653,-0.05048780487804875,0.04945799457994582,-0.05036270718265493
1,-0.5609756097560976,-0.15365853658536588,0.2707317073170732,0.12079926047073539,0.14105569712413354,0.14934959349593768,-0.14373983739837706,0.06933546600881028,0.14760671498117894,0.13795438614487412,0.16308539423640941,0.2772357723577236,0.16638748274275195,0.23701219512195124,-0.14498644986449863,0.08145795713391327
1,-0.5609756097560976,-0.15365853658536588,0.2707317073170732,0.12079926047073539,0.14105569712413354,0.14934959349593768,-0.14373983739837706,0.06933546600881028,0.14760671498117894,0.13795438614487412,0.17860129803780586,0.2772357723577236,0.16638748274275195,0.23701219512195124,-0.1727642276422764,0.06755596617020738
1,0.4390243902439024,0.09634146341463412,0.2707317073170732,0.16744649079143492,0.20523480160174565,0.04934959349593745,0.031260162601623044,0.14469882435433953,0.04640007848042484,0.20619522661605788,0.22320952146682058,0.2772357723577236,0.16638748274275195,0.21617886178861792,-0.14498644986449863,0.05990987114016916
1,0.4390243902439024,0.3463414634146341,0.2707317073170732,0.16744649079143492,0.20523480160174565,0.04934959349593745,0.031260162601623044,0.14469882435433953,0.04640007848042484,0.20619522661605788,0.2309674733675188,0.2772357723577236,0.12865163368614818,0.21617886178861792,-0.1727642276422764,0.06139937017199479
1,-0.5609756097560976,0.09634146341463412,-0.22926829268292684,-0.04246604565171378,-0.03506370586094125,-0.03398373983739589,0.1645934959349565,0.019580836776288833,-0.0365561809464228,-0.041191123420700235,-0.1142613862135518,-0.05609756097560973,-0.11285780027611597,-0.21715447154471543,0.3272357723577236,-0.1365798761414951
1,-0.5609756097560976,0.09634146341463412,-0.22926829268292684,-0.04246604565171378,-0.03506370586094125,-0.03398373983739589,0.1645934959349565,0.019580836776288833,-0.0365561809464228,-0.041191123420700235,-0.13443206115536716,-0.05609756097560973,-0.06757478140819144,-0.07965447154471542,0.04945799457994582,-0.131614879368743
1,0.4390243902439024,0.09634146341463412,-0.22926829268292684,-0.04246604565171378,-0.03506370586094125,-0.03398373983739589,0.1645934959349565,0.019580836776288833,-0.0365561809464228,-0.041191123420700235,-0.11309769342844707,-0.05609756097560973,-0.11285780027611597,-0.21715447154471543,0.3272357723577236,-0.1311183796914678
1,0.4390243902439024,0.09634146341463412,-0.22926829268292684,-0.04246604565171378,-0.03506370586094125,-0.03398373983739589,0.1645934959349565,0.019580836776288833,-0.0365561809464228,-0.041191123420700235,-0.13326836837026243,-0.05609756097560973,-0.06757478140819144,-0.07965447154471542,0.04945799457994582,-0.1261533829187157
1,0.4390243902439024,0.09634146341463412,-0.22926829268292684,-0.04246604565171378,-0.03506370586094125,-0.03398373983739589,0.1645934959349565,0.019580836776288833,-0.0365561809464228,-0.041191123420700235,-0.10883081988306305,-0.05609756097560973,-0.06757478140819144,-0.07965447154471542,0.04945799457994582,-0.11870588775958756
1,0.4390243902439024,0.09634146341463412,-0.22926829268292684,-0.04246604565171378,-0.03506370586094125,-0.03398373983739589,0.1645934959349565,0.019580836776288833,-0.0365561809464228,-0.041191123420700235,-0.09176332570152697,-0.05609756097560973,-0.11285780027611597,-0.15048780487804875,0.3272357723577236,-0.09388090389582707
1,0.4390243902439024,0.09634146341463412,-0.22926829268292684,-0.04246604565171378,-0.03506370586094125,-0.03398373983739589,0.1645934959349565,0.019580836776288833,-0.0365561809464228,-0.041191123420700235,-0.09913338000719027,-0.05609756097560973,-0.06757478140819144,-0.01715447154471542,0.021680216802168042,-0.08146841196394683
1,-0.5609756097560976,-0.6536585365853659,-0.22926829268292684,-0.12409869871293816,-0.22013833272661257,-0.14231707317072897,0.15626016260162304,-0.1273494494066509,-0.14252023323400428,-0.21661982185293727,-0.11697666937879617,-0.05609756097560973,-0.06757478140819144,-0.05882113821138209,-0.03387533875338752,-0.04174843778193004
1,-0.5609756097560976,-0.15365853658536588,-0.22926829268292684,-0.12409869871293816,-0.12461594466691141,-0.1589837398373959,-0.1937398373983772,-0.18718661270046266,-0.15863385817115883,-0.12771725564617073,-0.12977729001494823,-0.05609756097560973,-0.06757478140819144,-0.05882113821138209,-0.03387533875338752,-0.08184078672190323
1,0.4390243902439024,0.09634146341463412,-0.22926829268292684,0.047912963094642116,0.09180196578084979,0.08268292682927125,0.11459349593495638,0.11575052852908058,0.07993451789721756,0.0866554683626511,0.04089765180041252,0.11056910569105693,0.034312011044638754,0.024512195121951248,-0.1727642276422764,0.0004540347864627884
1,0.4390243902439024,0.09634146341463412,-0.22926829268292684,0.047912963094642116,0.09180196578084979,0.08268292682927125,0.11459349593495638,0.11575052852908058,0.07993451789721756,0.0866554683626511,0.009090049007549835,-0.05609756097560973,-0.11285780027611597,-0.15048780487804875,0.21612466124661248,0.014107775911531057
1,0.4390243902439024,0.3463414634146341,-0.22926829268292684,0.047912963094642116,0.1350855478704021,0.08268292682927125,0.11459349593495638,0.14292621651941254,0.07993451789721756,0.1316867552272971,0.002883687486991262,-0.05609756097560973,-0.06757478140819144,-0.06715447154471542,-0.006097560975609737,-0.024495073996616504
1,0.4390243902439024,0.09634146341463412,0.2707317073170732,0.16161558700134737,0.22016017473607402,0.10768292682927101,0.20626016260162316,0.23975305958613433,0.10521732332708154,0.22229172009368686,0.13825994815417514,-0.05609756097560973,0.05317993557294064,0.04117886178861792,-0.06165311653116529,-0.008358834485172184
1,0.4390243902439024,0.3463414634146341,0.2707317073170732,0.16161558700134737,0.22016017473607402,0.10768292682927101,0.3145934959349563,0.2816825368882588,0.10521732332708154,0.22229172009368686,0.18558345474843424,-0.05609756097560973,0.05317993557294064,0.04117886178861792,-0.06165311653116529,0.0034330328501140472
1,0.4390243902439024,0.09634146341463412,0.2707317073170732,0.16161558700134737,0.22016017473607402,0.10768292682927101,0.20626016260162316,0.23975305958613433,0.10521732332708154,0.22229172009368686,0.1471815928399781,-0.05609756097560973,0.05317993557294064,0.04117886178861792,-0.03387533875338752,0.0672332413799785
1,0.4390243902439024,0.3463414634146341,0.2707317073170732,0.16161558700134737,0.22016017473607402,0.10768292682927101,0.3145934959349563,0.2816825368882588,0.10521732332708154,0.22229172009368686,0.18868663550871353,-0.05609756097560973,0.05317993557294064,0.04117886178861792,-0.03387533875338752,0.08039048282777156
1,0.4390243902439024,0.09634146341463412,0.2707317073170732,0.16161558700134737,0.22016017473607402,0.10768292682927101,0.20626016260162316,0.23975305958613433,0.10521732332708154,0.22229172009368686,0.18985032829381826,-0.05609756097560973,0.011670501610676488,0.24117886178861792,-0.22831978319783197,0.12768207708823529
1,0.4390243902439024,0.3463414634146341,0.2707317073170732,0.16161558700134737,0.22016017473607402,0.10768292682927101,0.3145934959349563,0.2816825368882588,0.10521732332708154,0.22229172009368686,0.23329485893772828,-0.05609756097560973,0.011670501610676488,0.24117886178861792,-0.22831978319783197,0.14083931853602835
1,0.4390243902439024,0.09634146341463412,0.2707317073170732,0.3015572779634464,0.22016017473607402,0.2493495934959379,0.1479268292682896,0.2624600601717973,0.25062330623306495,0.22229172009368686,0.15377585195557156,-0.05609756097560973,0.05317993557294064,0.04117886178861792,-0.06165311653116529,0.08858272750281253
1,0.4390243902439024,0.09634146341463412,0.2707317073170732,0.3015572779634464,0.22016017473607402,0.24101626016260388,0.1479268292682896,0.2597962712635234,0.24196946007921794,0.22229172009368686,0.1914019186739579,-0.05609756097560973,0.05317993557294064,0.23284552845528458,-0.1727642276422764,0.1431976920030856
1,0.4390243902439024,0.09634146341463412,0.2707317073170732,0.3015572779634464,0.22016017473607402,0.2493495934959379,0.1479268292682896,0.2624600601717973,0.25062330623306495,0.22229172009368686,0.1770497076576662,0.2772357723577236,0.17393465255407273,0.12451219512195125,-0.20054200542005418,0.2037706526306612
1,0.4390243902439024,0.09634146341463412,0.2707317073170732,0.3015572779634464,0.22016017473607402,0.2493495934959379,0.1479268292682896,0.2624600601717973,0.25062330623306495,0.22229172009368686,0.2565687146398229,0.2772357723577236,0.06827427519558214,0.007845528455284582,0.021680216802168042,0.22822326173646526
1,0.4390243902439024,0.09634146341463412,0.2707317073170732,0.3015572779634464,0.22016017473607402,0.2493495934959379,0.1479268292682896,0.2624600601717973,0.25062330623306495,0.22229172009368686,0.19644458740941173,-0.05609756097560973,0.05317993557294064,0.04117886178861792,-0.1727642276422764,0.23207113423534814
